facility_id,region,beds
F-001,LI,282
F-002,LI,304
F-003,WESTCHESTER,276
F-004,NJ,83
F-005,NJ,136
F-006,WESTCHESTER,397
F-007,WESTCHESTER,147
F-008,WESTCHESTER,270
F-009,NYC,231
F-010,LI,335
F-011,LI,196
F-012,NYC,295
F-013,NJ,213
F-014,LI,254
F-015,WESTCHESTER,391
F-016,WESTCHESTER,393
F-017,NJ,206
F-018,NYC,330
F-019,NYC,111
F-020,LI,209
F-021,WESTCHESTER,235
F-022,LI,240
F-023,NYC,313
F-024,WESTCHESTER,136
F-025,WESTCHESTER,95
F-026,NJ,331
F-027,WESTCHESTER,367
F-028,NJ,87
F-029,LI,93
F-030,LI,56
